STRUCTURE,STRUCTURE_ID,STRUCTURE_NAME,ACTION,REF_AREA,Reference area,FREQ,Frequency of observation,MEASURE,Measure,UNIT_MEASURE,Unit of measure,ACTIVITY,Economic activity,ADJUSTMENT,Adjustment,TRANSFORMATION,Transformation,TIME_HORIZ,Time horizon,METHODOLOGY,Calculation methodology,TIME_PERIOD,Time period,OBS_VALUE,Observation value,OBS_STATUS,Observation status,UNIT_MULT,Unit multiplier,DECIMALS,Decimals,BASE_PER,Base period
DATAFLOW,OECD.SDD.STES:DSD_STES@DF_CLI(4.1),Composite leading indicators,I,GBR,United Kingdom,M,Monthly,CCICP,Composite consumer confidence,IX,Index,_Z,Not applicable,AA,Amplitude adjusted,IX,Index,_Z,Not applicable,H,OECD harmonised,2021-12,,99.97054,,A,Normal value,0,Units,2,Two,,
DATAFLOW,OECD.SDD.STES:DSD_STES@DF_CLI(4.1),Composite leading indicators,I,GBR,United Kingdom,M,Monthly,CCICP,Composite consumer confidence,IX,Index,_Z,Not applicable,AA,Amplitude adjusted,IX,Index,_Z,Not applicable,H,OECD harmonised,2022-01,,98.97459,,A,Normal value,0,Units,2,Two,,
DATAFLOW,OECD.SDD.STES:DSD_STES@DF_CLI(4.1),Composite leading indicators,I,GBR,United Kingdom,M,Monthly,CCICP,Composite consumer confidence,IX,Index,_Z,Not applicable,AA,Amplitude adjusted,IX,Index,_Z,Not applicable,H,OECD harmonised,2016-06,,101.3973,,A,Normal value,0,Units,2,Two,,
DATAFLOW,OECD.SDD.STES:DSD_STES@DF_CLI(4.1),Composite leading indicators,I,GBR,United Kingdom,M,Monthly,CCICP,Composite consumer confidence,IX,Index,_Z,Not applicable,AA,Amplitude adjusted,IX,Index,_Z,Not applicable,H,OECD harmonised,2021-08,,102.2939,,A,Normal value,0,Units,2,Two,,
DATAFLOW,OECD.SDD.STES:DSD_STES@DF_CLI(4.1),Composite leading indicators,I,GBR,United Kingdom,M,Monthly,CCICP,Composite consumer confidence,IX,Index,_Z,Not applicable,AA,Amplitude adjusted,IX,Index,_Z,Not applicable,H,OECD harmonised,2021-09,,101.4561,,A,Normal value,0,Units,2,Two,,
DATAFLOW,OECD.SDD.STES:DSD_STES@DF_CLI(4.1),Composite leading indicators,I,GBR,United Kingdom,M,Monthly,CCICP,Composite consumer confidence,IX,Index,_Z,Not applicable,AA,Amplitude adjusted,IX,Index,_Z,Not applicable,H,OECD harmonised,2017-12,,100.5953,,A,Normal value,0,Units,2,Two,,
DATAFLOW,OECD.SDD.STES:DSD_STES@DF_CLI(4.1),Composite leading indicators,I,GBR,United Kingdom,M,Monthly,CCICP,Composite consumer confidence,IX,Index,_Z,Not applicable,AA,Amplitude adjusted,IX,Index,_Z,Not applicable,H,OECD harmonised,2018-01,,100.6651,,A,Normal value,0,Units,2,Two,,
DATAFLOW,OECD.SDD.STES:DSD_STES@DF_CLI(4.1),Composite leading indicators,I,GBR,United Kingdom,M,Monthly,CCICP,Composite consumer confidence,IX,Index,_Z,Not applicable,AA,Amplitude adjusted,IX,Index,_Z,Not applicable,H,OECD harmonised,2018-05,,101.046,,A,Normal value,0,Units,2,Two,,
DATAFLOW,OECD.SDD.STES:DSD_STES@DF_CLI(4.1),Composite leading indicators,I,GBR,United Kingdom,M,Monthly,CCICP,Composite consumer confidence,IX,Index,_Z,Not applicable,AA,Amplitude adjusted,IX,Index,_Z,Not applicable,H,OECD harmonised,2017-01,,101.0766,,A,Normal value,0,Units,2,Two,,
DATAFLOW,OECD.SDD.STES:DSD_STES@DF_CLI(4.1),Composite leading indicators,I,GBR,United Kingdom,M,Monthly,CCICP,Composite consumer confidence,IX,Index,_Z,Not applicable,AA,Amplitude adjusted,IX,Index,_Z,Not applicable,H,OECD harmonised,2017-02,,100.9792,,A,Normal value,0,Units,2,Two,,
DATAFLOW,OECD.SDD.STES:DSD_STES@DF_CLI(4.1),Composite leading indicators,I,GBR,United Kingdom,M,Monthly,CCICP,Composite consumer confidence,IX,Index,_Z,Not applicable,AA,Amplitude adjusted,IX,Index,_Z,Not applicable,H,OECD harmonised,2017-03,,100.9443,,A,Normal value,0,Units,2,Two,,
DATAFLOW,OECD.SDD.STES:DSD_STES@DF_CLI(4.1),Composite leading indicators,I,GBR,United Kingdom,M,Monthly,CCICP,Composite consumer confidence,IX,Index,_Z,Not applicable,AA,Amplitude adjusted,IX,Index,_Z,Not applicable,H,OECD harmonised,2017-04,,100.9133,,A,Normal value,0,Units,2,Two,,
DATAFLOW,OECD.SDD.STES:DSD_STES@DF_CLI(4.1),Composite leading indicators,I,GBR,United Kingdom,M,Monthly,CCICP,Composite consumer confidence,IX,Index,_Z,Not applicable,AA,Amplitude adjusted,IX,Index,_Z,Not applicable,H,OECD harmonised,2017-05,,100.8272,,A,Normal value,0,Units,2,Two,,
DATAFLOW,OECD.SDD.STES:DSD_STES@DF_CLI(4.1),Composite leading indicators,I,GBR,United Kingdom,M,Monthly,CCICP,Composite consumer confidence,IX,Index,_Z,Not applicable,AA,Amplitude adjusted,IX,Index,_Z,Not applicable,H,OECD harmonised,2017-06,,100.6579,,A,Normal value,0,Units,2,Two,,
DATAFLOW,OECD.SDD.STES:DSD_STES@DF_CLI(4.1),Composite leading indicators,I,GBR,United Kingdom,M,Monthly,CCICP,Composite consumer confidence,IX,Index,_Z,Not applicable,AA,Amplitude adjusted,IX,Index,_Z,Not applicable,H,OECD harmonised,2017-07,,100.5944,,A,Normal value,0,Units,2,Two,,
DATAFLOW,OECD.SDD.STES:DSD_STES@DF_CLI(4.1),Composite leading indicators,I,GBR,United Kingdom,M,Monthly,CCICP,Composite consumer confidence,IX,Index,_Z,Not applicable,AA,Amplitude adjusted,IX,Index,_Z,Not applicable,H,OECD harmonised,2015-01,,101.9632,,A,Normal value,0,Units,2,Two,,
DATAFLOW,OECD.SDD.STES:DSD_STES@DF_CLI(4.1),Composite leading indicators,I,GBR,United Kingdom,M,Monthly,CCICP,Composite consumer confidence,IX,Index,_Z,Not applicable,AA,Amplitude adjusted,IX,Index,_Z,Not applicable,H,OECD harmonised,2015-02,,102.2298,,A,Normal value,0,Units,2,Two,,
DATAFLOW,OECD.SDD.STES:DSD_STES@DF_CLI(4.1),Composite leading indicators,I,GBR,United Kingdom,M,Monthly,CCICP,Composite consumer confidence,IX,Index,_Z,Not applicable,AA,Amplitude adjusted,IX,Index,_Z,Not applicable,H,OECD harmonised,2016-04,,102.0414,,A,Normal value,0,Units,2,Two,,
DATAFLOW,OECD.SDD.STES:DSD_STES@DF_CLI(4.1),Composite leading indicators,I,GBR,United Kingdom,M,Monthly,CCICP,Composite consumer confidence,IX,Index,_Z,Not applicable,AA,Amplitude adjusted,IX,Index,_Z,Not applicable,H,OECD harmonised,2016-05,,101.8035,,A,Normal value,0,Units,2,Two,,
DATAFLOW,OECD.SDD.STES:DSD_STES@DF_CLI(4.1),Composite leading indicators,I,GBR,United Kingdom,M,Monthly,CCICP,Composite consumer confidence,IX,Index,_Z,Not applicable,AA,Amplitude adjusted,IX,Index,_Z,Not applicable,H,OECD harmonised,2019-11,,100.4011,,A,Normal value,0,Units,2,Two,,
DATAFLOW,OECD.SDD.STES:DSD_STES@DF_CLI(4.1),Composite leading indicators,I,GBR,United Kingdom,M,Monthly,CCICP,Composite consumer confidence,IX,Index,_Z,Not applicable,AA,Amplitude adjusted,IX,Index,_Z,Not applicable,H,OECD harmonised,2015-08,,102.4896,,A,Normal value,0,Units,2,Two,,
DATAFLOW,OECD.SDD.STES:DSD_STES@DF_CLI(4.1),Composite leading indicators,I,GBR,United Kingdom,M,Monthly,CCICP,Composite consumer confidence,IX,Index,_Z,Not applicable,AA,Amplitude adjusted,IX,Index,_Z,Not applicable,H,OECD harmonised,2015-09,,102.4117,,A,Normal value,0,Units,2,Two,,
DATAFLOW,OECD.SDD.STES:DSD_STES@DF_CLI(4.1),Composite leading indicators,I,GBR,United Kingdom,M,Monthly,CCICP,Composite consumer confidence,IX,Index,_Z,Not applicable,AA,Amplitude adjusted,IX,Index,_Z,Not applicable,H,OECD harmonised,2019-12,,100.7419,,A,Normal value,0,Units,2,Two,,
DATAFLOW,OECD.SDD.STES:DSD_STES@DF_CLI(4.1),Composite leading indicators,I,GBR,United Kingdom,M,Monthly,CCICP,Composite consumer confidence,IX,Index,_Z,Not applicable,AA,Amplitude adjusted,IX,Index,_Z,Not applicable,H,OECD harmonised,2020-01,,100.8637,,A,Normal value,0,Units,2,Two,,
DATAFLOW,OECD.SDD.STES:DSD_STES@DF_CLI(4.1),Composite leading indicators,I,GBR,United Kingdom,M,Monthly,CCICP,Composite consumer confidence,IX,Index,_Z,Not applicable,AA,Amplitude adjusted,IX,Index,_Z,Not applicable,H,OECD harmonised,2020-02,,100.5122,,A,Normal value,0,Units,2,Two,,
DATAFLOW,OECD.SDD.STES:DSD_STES@DF_CLI(4.1),Composite leading indicators,I,GBR,United Kingdom,M,Monthly,CCICP,Composite consumer confidence,IX,Index,_Z,Not applicable,AA,Amplitude adjusted,IX,Index,_Z,Not applicable,H,OECD harmonised,2020-03,,99.46357,,A,Normal value,0,Units,2,Two,,
DATAFLOW,OECD.SDD.STES:DSD_STES@DF_CLI(4.1),Composite leading indicators,I,GBR,United Kingdom,M,Monthly,CCICP,Composite consumer confidence,IX,Index,_Z,Not applicable,AA,Amplitude adjusted,IX,Index,_Z,Not applicable,H,OECD harmonised,2020-04,,97.95042,,A,Normal value,0,Units,2,Two,,
DATAFLOW,OECD.SDD.STES:DSD_STES@DF_CLI(4.1),Composite leading indicators,I,GBR,United Kingdom,M,Monthly,CCICP,Composite consumer confidence,IX,Index,_Z,Not applicable,AA,Amplitude adjusted,IX,Index,_Z,Not applicable,H,OECD harmonised,2020-05,,97.20844,,A,Normal value,0,Units,2,Two,,
DATAFLOW,OECD.SDD.STES:DSD_STES@DF_CLI(4.1),Composite leading indicators,I,GBR,United Kingdom,M,Monthly,CCICP,Composite consumer confidence,IX,Index,_Z,Not applicable,AA,Amplitude adjusted,IX,Index,_Z,Not applicable,H,OECD harmonised,2020-06,,97.34471,,A,Normal value,0,Units,2,Two,,
DATAFLOW,OECD.SDD.STES:DSD_STES@DF_CLI(4.1),Composite leading indicators,I,GBR,United Kingdom,M,Monthly,CCICP,Composite consumer confidence,IX,Index,_Z,Not applicable,AA,Amplitude adjusted,IX,Index,_Z,Not applicable,H,OECD harmonised,2020-07,,97.8284,,A,Normal value,0,Units,2,Two,,
DATAFLOW,OECD.SDD.STES:DSD_STES@DF_CLI(4.1),Composite leading indicators,I,GBR,United Kingdom,M,Monthly,CCICP,Composite consumer confidence,IX,Index,_Z,Not applicable,AA,Amplitude adjusted,IX,Index,_Z,Not applicable,H,OECD harmonised,2020-08,,98.0331,,A,Normal value,0,Units,2,Two,,
DATAFLOW,OECD.SDD.STES:DSD_STES@DF_CLI(4.1),Composite leading indicators,I,GBR,United Kingdom,M,Monthly,CCICP,Composite consumer confidence,IX,Index,_Z,Not applicable,AA,Amplitude adjusted,IX,Index,_Z,Not applicable,H,OECD harmonised,2020-09,,97.85912,,A,Normal value,0,Units,2,Two,,
DATAFLOW,OECD.SDD.STES:DSD_STES@DF_CLI(4.1),Composite leading indicators,I,GBR,United Kingdom,M,Monthly,CCICP,Composite consumer confidence,IX,Index,_Z,Not applicable,AA,Amplitude adjusted,IX,Index,_Z,Not applicable,H,OECD harmonised,2020-10,,97.52877,,A,Normal value,0,Units,2,Two,,
DATAFLOW,OECD.SDD.STES:DSD_STES@DF_CLI(4.1),Composite leading indicators,I,GBR,United Kingdom,M,Monthly,CCICP,Composite consumer confidence,IX,Index,_Z,Not applicable,AA,Amplitude adjusted,IX,Index,_Z,Not applicable,H,OECD harmonised,2020-11,,97.43353,,A,Normal value,0,Units,2,Two,,
DATAFLOW,OECD.SDD.STES:DSD_STES@DF_CLI(4.1),Composite leading indicators,I,GBR,United Kingdom,M,Monthly,CCICP,Composite consumer confidence,IX,Index,_Z,Not applicable,AA,Amplitude adjusted,IX,Index,_Z,Not applicable,H,OECD harmonised,2020-12,,97.83614,,A,Normal value,0,Units,2,Two,,
DATAFLOW,OECD.SDD.STES:DSD_STES@DF_CLI(4.1),Composite leading indicators,I,GBR,United Kingdom,M,Monthly,CCICP,Composite consumer confidence,IX,Index,_Z,Not applicable,AA,Amplitude adjusted,IX,Index,_Z,Not applicable,H,OECD harmonised,2021-01,,98.41276,,A,Normal value,0,Units,2,Two,,
DATAFLOW,OECD.SDD.STES:DSD_STES@DF_CLI(4.1),Composite leading indicators,I,GBR,United Kingdom,M,Monthly,CCICP,Composite consumer confidence,IX,Index,_Z,Not applicable,AA,Amplitude adjusted,IX,Index,_Z,Not applicable,H,OECD harmonised,2021-02,,99.45906,,A,Normal value,0,Units,2,Two,,
DATAFLOW,OECD.SDD.STES:DSD_STES@DF_CLI(4.1),Composite leading indicators,I,GBR,United Kingdom,M,Monthly,CCICP,Composite consumer confidence,IX,Index,_Z,Not applicable,AA,Amplitude adjusted,IX,Index,_Z,Not applicable,H,OECD harmonised,2021-03,,100.7355,,A,Normal value,0,Units,2,Two,,
DATAFLOW,OECD.SDD.STES:DSD_STES@DF_CLI(4.1),Composite leading indicators,I,GBR,United Kingdom,M,Monthly,CCICP,Composite consumer confidence,IX,Index,_Z,Not applicable,AA,Amplitude adjusted,IX,Index,_Z,Not applicable,H,OECD harmonised,2021-04,,101.7406,,A,Normal value,0,Units,2,Two,,
DATAFLOW,OECD.SDD.STES:DSD_STES@DF_CLI(4.1),Composite leading indicators,I,GBR,United Kingdom,M,Monthly,CCICP,Composite consumer confidence,IX,Index,_Z,Not applicable,AA,Amplitude adjusted,IX,Index,_Z,Not applicable,H,OECD harmonised,2021-05,,102.5081,,A,Normal value,0,Units,2,Two,,
DATAFLOW,OECD.SDD.STES:DSD_STES@DF_CLI(4.1),Composite leading indicators,I,GBR,United Kingdom,M,Monthly,CCICP,Composite consumer confidence,IX,Index,_Z,Not applicable,AA,Amplitude adjusted,IX,Index,_Z,Not applicable,H,OECD harmonised,2021-06,,102.8531,,A,Normal value,0,Units,2,Two,,
DATAFLOW,OECD.SDD.STES:DSD_STES@DF_CLI(4.1),Composite leading indicators,I,GBR,United Kingdom,M,Monthly,CCICP,Composite consumer confidence,IX,Index,_Z,Not applicable,AA,Amplitude adjusted,IX,Index,_Z,Not applicable,H,OECD harmonised,2021-07,,102.7987,,A,Normal value,0,Units,2,Two,,
DATAFLOW,OECD.SDD.STES:DSD_STES@DF_CLI(4.1),Composite leading indicators,I,GBR,United Kingdom,M,Monthly,CCICP,Composite consumer confidence,IX,Index,_Z,Not applicable,AA,Amplitude adjusted,IX,Index,_Z,Not applicable,H,OECD harmonised,2015-10,,102.3957,,A,Normal value,0,Units,2,Two,,
DATAFLOW,OECD.SDD.STES:DSD_STES@DF_CLI(4.1),Composite leading indicators,I,GBR,United Kingdom,M,Monthly,CCICP,Composite consumer confidence,IX,Index,_Z,Not applicable,AA,Amplitude adjusted,IX,Index,_Z,Not applicable,H,OECD harmonised,2018-03,,100.8775,,A,Normal value,0,Units,2,Two,,
DATAFLOW,OECD.SDD.STES:DSD_STES@DF_CLI(4.1),Composite leading indicators,I,GBR,United Kingdom,M,Monthly,CCICP,Composite consumer confidence,IX,Index,_Z,Not applicable,AA,Amplitude adjusted,IX,Index,_Z,Not applicable,H,OECD harmonised,2018-04,,100.9246,,A,Normal value,0,Units,2,Two,,
DATAFLOW,OECD.SDD.STES:DSD_STES@DF_CLI(4.1),Composite leading indicators,I,GBR,United Kingdom,M,Monthly,CCICP,Composite consumer confidence,IX,Index,_Z,Not applicable,AA,Amplitude adjusted,IX,Index,_Z,Not applicable,H,OECD harmonised,2016-07,,100.8514,,A,Normal value,0,Units,2,Two,,
DATAFLOW,OECD.SDD.STES:DSD_STES@DF_CLI(4.1),Composite leading indicators,I,GBR,United Kingdom,M,Monthly,CCICP,Composite consumer confidence,IX,Index,_Z,Not applicable,AA,Amplitude adjusted,IX,Index,_Z,Not applicable,H,OECD harmonised,2016-08,,100.8471,,A,Normal value,0,Units,2,Two,,
DATAFLOW,OECD.SDD.STES:DSD_STES@DF_CLI(4.1),Composite leading indicators,I,GBR,United Kingdom,M,Monthly,CCICP,Composite consumer confidence,IX,Index,_Z,Not applicable,AA,Amplitude adjusted,IX,Index,_Z,Not applicable,H,OECD harmonised,2016-09,,101.2033,,A,Normal value,0,Units,2,Two,,
DATAFLOW,OECD.SDD.STES:DSD_STES@DF_CLI(4.1),Composite leading indicators,I,GBR,United Kingdom,M,Monthly,CCICP,Composite consumer confidence,IX,Index,_Z,Not applicable,AA,Amplitude adjusted,IX,Index,_Z,Not applicable,H,OECD harmonised,2016-10,,101.358,,A,Normal value,0,Units,2,Two,,
DATAFLOW,OECD.SDD.STES:DSD_STES@DF_CLI(4.1),Composite leading indicators,I,GBR,United Kingdom,M,Monthly,CCICP,Composite consumer confidence,IX,Index,_Z,Not applicable,AA,Amplitude adjusted,IX,Index,_Z,Not applicable,H,OECD harmonised,2016-11,,101.2692,,A,Normal value,0,Units,2,Two,,
DATAFLOW,OECD.SDD.STES:DSD_STES@DF_CLI(4.1),Composite leading indicators,I,GBR,United Kingdom,M,Monthly,CCICP,Composite consumer confidence,IX,Index,_Z,Not applicable,AA,Amplitude adjusted,IX,Index,_Z,Not applicable,H,OECD harmonised,2016-12,,101.1845,,A,Normal value,0,Units,2,Two,,
DATAFLOW,OECD.SDD.STES:DSD_STES@DF_CLI(4.1),Composite leading indicators,I,GBR,United Kingdom,M,Monthly,CCICP,Composite consumer confidence,IX,Index,_Z,Not applicable,AA,Amplitude adjusted,IX,Index,_Z,Not applicable,H,OECD harmonised,2022-02,,97.49284,,A,Normal value,0,Units,2,Two,,
DATAFLOW,OECD.SDD.STES:DSD_STES@DF_CLI(4.1),Composite leading indicators,I,GBR,United Kingdom,M,Monthly,CCICP,Composite consumer confidence,IX,Index,_Z,Not applicable,AA,Amplitude adjusted,IX,Index,_Z,Not applicable,H,OECD harmonised,2022-03,,95.97727,,A,Normal value,0,Units,2,Two,,
DATAFLOW,OECD.SDD.STES:DSD_STES@DF_CLI(4.1),Composite leading indicators,I,GBR,United Kingdom,M,Monthly,CCICP,Composite consumer confidence,IX,Index,_Z,Not applicable,AA,Amplitude adjusted,IX,Index,_Z,Not applicable,H,OECD harmonised,2022-04,,94.69898,,A,Normal value,0,Units,2,Two,,
DATAFLOW,OECD.SDD.STES:DSD_STES@DF_CLI(4.1),Composite leading indicators,I,GBR,United Kingdom,M,Monthly,CCICP,Composite consumer confidence,IX,Index,_Z,Not applicable,AA,Amplitude adjusted,IX,Index,_Z,Not applicable,H,OECD harmonised,2022-05,,93.94425,,A,Normal value,0,Units,2,Two,,
DATAFLOW,OECD.SDD.STES:DSD_STES@DF_CLI(4.1),Composite leading indicators,I,GBR,United Kingdom,M,Monthly,CCICP,Composite consumer confidence,IX,Index,_Z,Not applicable,AA,Amplitude adjusted,IX,Index,_Z,Not applicable,H,OECD harmonised,2022-06,,93.53334,,A,Normal value,0,Units,2,Two,,
DATAFLOW,OECD.SDD.STES:DSD_STES@DF_CLI(4.1),Composite leading indicators,I,GBR,United Kingdom,M,Monthly,CCICP,Composite consumer confidence,IX,Index,_Z,Not applicable,AA,Amplitude adjusted,IX,Index,_Z,Not applicable,H,OECD harmonised,2022-07,,93.19823,,A,Normal value,0,Units,2,Two,,
DATAFLOW,OECD.SDD.STES:DSD_STES@DF_CLI(4.1),Composite leading indicators,I,GBR,United Kingdom,M,Monthly,CCICP,Composite consumer confidence,IX,Index,_Z,Not applicable,AA,Amplitude adjusted,IX,Index,_Z,Not applicable,H,OECD harmonised,2022-08,,92.67934,,A,Normal value,0,Units,2,Two,,
DATAFLOW,OECD.SDD.STES:DSD_STES@DF_CLI(4.1),Composite leading indicators,I,GBR,United Kingdom,M,Monthly,CCICP,Composite consumer confidence,IX,Index,_Z,Not applicable,AA,Amplitude adjusted,IX,Index,_Z,Not applicable,H,OECD harmonised,2022-09,,92.24914,,A,Normal value,0,Units,2,Two,,
DATAFLOW,OECD.SDD.STES:DSD_STES@DF_CLI(4.1),Composite leading indicators,I,GBR,United Kingdom,M,Monthly,CCICP,Composite consumer confidence,IX,Index,_Z,Not applicable,AA,Amplitude adjusted,IX,Index,_Z,Not applicable,H,OECD harmonised,2022-10,,92.35131,,A,Normal value,0,Units,2,Two,,
DATAFLOW,OECD.SDD.STES:DSD_STES@DF_CLI(4.1),Composite leading indicators,I,GBR,United Kingdom,M,Monthly,CCICP,Composite consumer confidence,IX,Index,_Z,Not applicable,AA,Amplitude adjusted,IX,Index,_Z,Not applicable,H,OECD harmonised,2022-11,,92.77425,,A,Normal value,0,Units,2,Two,,
DATAFLOW,OECD.SDD.STES:DSD_STES@DF_CLI(4.1),Composite leading indicators,I,GBR,United Kingdom,M,Monthly,CCICP,Composite consumer confidence,IX,Index,_Z,Not applicable,AA,Amplitude adjusted,IX,Index,_Z,Not applicable,H,OECD harmonised,2022-12,,93.17721,,A,Normal value,0,Units,2,Two,,
DATAFLOW,OECD.SDD.STES:DSD_STES@DF_CLI(4.1),Composite leading indicators,I,GBR,United Kingdom,M,Monthly,CCICP,Composite consumer confidence,IX,Index,_Z,Not applicable,AA,Amplitude adjusted,IX,Index,_Z,Not applicable,H,OECD harmonised,2023-01,,93.60996,,A,Normal value,0,Units,2,Two,,
DATAFLOW,OECD.SDD.STES:DSD_STES@DF_CLI(4.1),Composite leading indicators,I,GBR,United Kingdom,M,Monthly,CCICP,Composite consumer confidence,IX,Index,_Z,Not applicable,AA,Amplitude adjusted,IX,Index,_Z,Not applicable,H,OECD harmonised,2023-02,,94.42402,,A,Normal value,0,Units,2,Two,,
DATAFLOW,OECD.SDD.STES:DSD_STES@DF_CLI(4.1),Composite leading indicators,I,GBR,United Kingdom,M,Monthly,CCICP,Composite consumer confidence,IX,Index,_Z,Not applicable,AA,Amplitude adjusted,IX,Index,_Z,Not applicable,H,OECD harmonised,2023-03,,95.33717,,A,Normal value,0,Units,2,Two,,
DATAFLOW,OECD.SDD.STES:DSD_STES@DF_CLI(4.1),Composite leading indicators,I,GBR,United Kingdom,M,Monthly,CCICP,Composite consumer confidence,IX,Index,_Z,Not applicable,AA,Amplitude adjusted,IX,Index,_Z,Not applicable,H,OECD harmonised,2023-04,,96.37885,,A,Normal value,0,Units,2,Two,,
DATAFLOW,OECD.SDD.STES:DSD_STES@DF_CLI(4.1),Composite leading indicators,I,GBR,United Kingdom,M,Monthly,CCICP,Composite consumer confidence,IX,Index,_Z,Not applicable,AA,Amplitude adjusted,IX,Index,_Z,Not applicable,H,OECD harmonised,2023-05,,97.22836,,A,Normal value,0,Units,2,Two,,
DATAFLOW,OECD.SDD.STES:DSD_STES@DF_CLI(4.1),Composite leading indicators,I,GBR,United Kingdom,M,Monthly,CCICP,Composite consumer confidence,IX,Index,_Z,Not applicable,AA,Amplitude adjusted,IX,Index,_Z,Not applicable,H,OECD harmonised,2023-06,,97.68127,,A,Normal value,0,Units,2,Two,,
DATAFLOW,OECD.SDD.STES:DSD_STES@DF_CLI(4.1),Composite leading indicators,I,GBR,United Kingdom,M,Monthly,CCICP,Composite consumer confidence,IX,Index,_Z,Not applicable,AA,Amplitude adjusted,IX,Index,_Z,Not applicable,H,OECD harmonised,2023-07,,97.67962,,A,Normal value,0,Units,2,Two,,
DATAFLOW,OECD.SDD.STES:DSD_STES@DF_CLI(4.1),Composite leading indicators,I,GBR,United Kingdom,M,Monthly,CCICP,Composite consumer confidence,IX,Index,_Z,Not applicable,AA,Amplitude adjusted,IX,Index,_Z,Not applicable,H,OECD harmonised,2023-08,,97.86437,,A,Normal value,0,Units,2,Two,,
DATAFLOW,OECD.SDD.STES:DSD_STES@DF_CLI(4.1),Composite leading indicators,I,GBR,United Kingdom,M,Monthly,CCICP,Composite consumer confidence,IX,Index,_Z,Not applicable,AA,Amplitude adjusted,IX,Index,_Z,Not applicable,H,OECD harmonised,2023-09,,97.94337,,A,Normal value,0,Units,2,Two,,
DATAFLOW,OECD.SDD.STES:DSD_STES@DF_CLI(4.1),Composite leading indicators,I,GBR,United Kingdom,M,Monthly,CCICP,Composite consumer confidence,IX,Index,_Z,Not applicable,AA,Amplitude adjusted,IX,Index,_Z,Not applicable,H,OECD harmonised,2023-10,,97.76327,,A,Normal value,0,Units,2,Two,,
DATAFLOW,OECD.SDD.STES:DSD_STES@DF_CLI(4.1),Composite leading indicators,I,GBR,United Kingdom,M,Monthly,CCICP,Composite consumer confidence,IX,Index,_Z,Not applicable,AA,Amplitude adjusted,IX,Index,_Z,Not applicable,H,OECD harmonised,2023-11,,98.04746,,A,Normal value,0,Units,2,Two,,
DATAFLOW,OECD.SDD.STES:DSD_STES@DF_CLI(4.1),Composite leading indicators,I,GBR,United Kingdom,M,Monthly,CCICP,Composite consumer confidence,IX,Index,_Z,Not applicable,AA,Amplitude adjusted,IX,Index,_Z,Not applicable,H,OECD harmonised,2023-12,,98.4397,,A,Normal value,0,Units,2,Two,,
DATAFLOW,OECD.SDD.STES:DSD_STES@DF_CLI(4.1),Composite leading indicators,I,GBR,United Kingdom,M,Monthly,CCICP,Composite consumer confidence,IX,Index,_Z,Not applicable,AA,Amplitude adjusted,IX,Index,_Z,Not applicable,H,OECD harmonised,2024-01,,98.72798,,A,Normal value,0,Units,2,Two,,
DATAFLOW,OECD.SDD.STES:DSD_STES@DF_CLI(4.1),Composite leading indicators,I,GBR,United Kingdom,M,Monthly,CCICP,Composite consumer confidence,IX,Index,_Z,Not applicable,AA,Amplitude adjusted,IX,Index,_Z,Not applicable,H,OECD harmonised,2024-02,,98.7665,,A,Normal value,0,Units,2,Two,,
DATAFLOW,OECD.SDD.STES:DSD_STES@DF_CLI(4.1),Composite leading indicators,I,GBR,United Kingdom,M,Monthly,CCICP,Composite consumer confidence,IX,Index,_Z,Not applicable,AA,Amplitude adjusted,IX,Index,_Z,Not applicable,H,OECD harmonised,2024-03,,98.87857,,A,Normal value,0,Units,2,Two,,
DATAFLOW,OECD.SDD.STES:DSD_STES@DF_CLI(4.1),Composite leading indicators,I,GBR,United Kingdom,M,Monthly,CCICP,Composite consumer confidence,IX,Index,_Z,Not applicable,AA,Amplitude adjusted,IX,Index,_Z,Not applicable,H,OECD harmonised,2024-04,,99.18976,,A,Normal value,0,Units,2,Two,,
DATAFLOW,OECD.SDD.STES:DSD_STES@DF_CLI(4.1),Composite leading indicators,I,GBR,United Kingdom,M,Monthly,CCICP,Composite consumer confidence,IX,Index,_Z,Not applicable,AA,Amplitude adjusted,IX,Index,_Z,Not applicable,H,OECD harmonised,2024-05,,99.64147,,A,Normal value,0,Units,2,Two,,
DATAFLOW,OECD.SDD.STES:DSD_STES@DF_CLI(4.1),Composite leading indicators,I,GBR,United Kingdom,M,Monthly,CCICP,Composite consumer confidence,IX,Index,_Z,Not applicable,AA,Amplitude adjusted,IX,Index,_Z,Not applicable,H,OECD harmonised,2024-06,,100.0568,,A,Normal value,0,Units,2,Two,,
DATAFLOW,OECD.SDD.STES:DSD_STES@DF_CLI(4.1),Composite leading indicators,I,GBR,United Kingdom,M,Monthly,CCICP,Composite consumer confidence,IX,Index,_Z,Not applicable,AA,Amplitude adjusted,IX,Index,_Z,Not applicable,H,OECD harmonised,2024-07,,100.2543,,A,Normal value,0,Units,2,Two,,
DATAFLOW,OECD.SDD.STES:DSD_STES@DF_CLI(4.1),Composite leading indicators,I,GBR,United Kingdom,M,Monthly,CCICP,Composite consumer confidence,IX,Index,_Z,Not applicable,AA,Amplitude adjusted,IX,Index,_Z,Not applicable,H,OECD harmonised,2024-08,,100.0098,,A,Normal value,0,Units,2,Two,,
DATAFLOW,OECD.SDD.STES:DSD_STES@DF_CLI(4.1),Composite leading indicators,I,GBR,United Kingdom,M,Monthly,CCICP,Composite consumer confidence,IX,Index,_Z,Not applicable,AA,Amplitude adjusted,IX,Index,_Z,Not applicable,H,OECD harmonised,2024-09,,99.36141,,A,Normal value,0,Units,2,Two,,
DATAFLOW,OECD.SDD.STES:DSD_STES@DF_CLI(4.1),Composite leading indicators,I,GBR,United Kingdom,M,Monthly,CCICP,Composite consumer confidence,IX,Index,_Z,Not applicable,AA,Amplitude adjusted,IX,Index,_Z,Not applicable,H,OECD harmonised,2024-10,,99.04285,,A,Normal value,0,Units,2,Two,,
DATAFLOW,OECD.SDD.STES:DSD_STES@DF_CLI(4.1),Composite leading indicators,I,GBR,United Kingdom,M,Monthly,CCICP,Composite consumer confidence,IX,Index,_Z,Not applicable,AA,Amplitude adjusted,IX,Index,_Z,Not applicable,H,OECD harmonised,2024-11,,99.0579,,A,Normal value,0,Units,2,Two,,
DATAFLOW,OECD.SDD.STES:DSD_STES@DF_CLI(4.1),Composite leading indicators,I,GBR,United Kingdom,M,Monthly,CCICP,Composite consumer confidence,IX,Index,_Z,Not applicable,AA,Amplitude adjusted,IX,Index,_Z,Not applicable,H,OECD harmonised,2024-12,,99.06188,,A,Normal value,0,Units,2,Two,,
DATAFLOW,OECD.SDD.STES:DSD_STES@DF_CLI(4.1),Composite leading indicators,I,GBR,United Kingdom,M,Monthly,CCICP,Composite consumer confidence,IX,Index,_Z,Not applicable,AA,Amplitude adjusted,IX,Index,_Z,Not applicable,H,OECD harmonised,2025-01,,98.91222,,A,Normal value,0,Units,2,Two,,
DATAFLOW,OECD.SDD.STES:DSD_STES@DF_CLI(4.1),Composite leading indicators,I,GBR,United Kingdom,M,Monthly,CCICP,Composite consumer confidence,IX,Index,_Z,Not applicable,AA,Amplitude adjusted,IX,Index,_Z,Not applicable,H,OECD harmonised,2025-02,,98.91572,,A,Normal value,0,Units,2,Two,,
DATAFLOW,OECD.SDD.STES:DSD_STES@DF_CLI(4.1),Composite leading indicators,I,GBR,United Kingdom,M,Monthly,CCICP,Composite consumer confidence,IX,Index,_Z,Not applicable,AA,Amplitude adjusted,IX,Index,_Z,Not applicable,H,OECD harmonised,2025-03,,98.8472,,A,Normal value,0,Units,2,Two,,
DATAFLOW,OECD.SDD.STES:DSD_STES@DF_CLI(4.1),Composite leading indicators,I,GBR,United Kingdom,M,Monthly,CCICP,Composite consumer confidence,IX,Index,_Z,Not applicable,AA,Amplitude adjusted,IX,Index,_Z,Not applicable,H,OECD harmonised,2025-04,,98.76287,,A,Normal value,0,Units,2,Two,,
DATAFLOW,OECD.SDD.STES:DSD_STES@DF_CLI(4.1),Composite leading indicators,I,GBR,United Kingdom,M,Monthly,CCICP,Composite consumer confidence,IX,Index,_Z,Not applicable,AA,Amplitude adjusted,IX,Index,_Z,Not applicable,H,OECD harmonised,2025-05,,99.00603,,A,Normal value,0,Units,2,Two,,
DATAFLOW,OECD.SDD.STES:DSD_STES@DF_CLI(4.1),Composite leading indicators,I,GBR,United Kingdom,M,Monthly,CCICP,Composite consumer confidence,IX,Index,_Z,Not applicable,AA,Amplitude adjusted,IX,Index,_Z,Not applicable,H,OECD harmonised,2025-06,,99.34883,,A,Normal value,0,Units,2,Two,,
DATAFLOW,OECD.SDD.STES:DSD_STES@DF_CLI(4.1),Composite leading indicators,I,GBR,United Kingdom,M,Monthly,CCICP,Composite consumer confidence,IX,Index,_Z,Not applicable,AA,Amplitude adjusted,IX,Index,_Z,Not applicable,H,OECD harmonised,2017-08,,100.5337,,A,Normal value,0,Units,2,Two,,
DATAFLOW,OECD.SDD.STES:DSD_STES@DF_CLI(4.1),Composite leading indicators,I,GBR,United Kingdom,M,Monthly,CCICP,Composite consumer confidence,IX,Index,_Z,Not applicable,AA,Amplitude adjusted,IX,Index,_Z,Not applicable,H,OECD harmonised,2017-09,,100.5215,,A,Normal value,0,Units,2,Two,,
DATAFLOW,OECD.SDD.STES:DSD_STES@DF_CLI(4.1),Composite leading indicators,I,GBR,United Kingdom,M,Monthly,CCICP,Composite consumer confidence,IX,Index,_Z,Not applicable,AA,Amplitude adjusted,IX,Index,_Z,Not applicable,H,OECD harmonised,2017-10,,100.5611,,A,Normal value,0,Units,2,Two,,
DATAFLOW,OECD.SDD.STES:DSD_STES@DF_CLI(4.1),Composite leading indicators,I,GBR,United Kingdom,M,Monthly,CCICP,Composite consumer confidence,IX,Index,_Z,Not applicable,AA,Amplitude adjusted,IX,Index,_Z,Not applicable,H,OECD harmonised,2017-11,,100.5759,,A,Normal value,0,Units,2,Two,,
DATAFLOW,OECD.SDD.STES:DSD_STES@DF_CLI(4.1),Composite leading indicators,I,GBR,United Kingdom,M,Monthly,CCICP,Composite consumer confidence,IX,Index,_Z,Not applicable,AA,Amplitude adjusted,IX,Index,_Z,Not applicable,H,OECD harmonised,2019-08,,100.0403,,A,Normal value,0,Units,2,Two,,
DATAFLOW,OECD.SDD.STES:DSD_STES@DF_CLI(4.1),Composite leading indicators,I,GBR,United Kingdom,M,Monthly,CCICP,Composite consumer confidence,IX,Index,_Z,Not applicable,AA,Amplitude adjusted,IX,Index,_Z,Not applicable,H,OECD harmonised,2019-09,,99.99734,,A,Normal value,0,Units,2,Two,,
DATAFLOW,OECD.SDD.STES:DSD_STES@DF_CLI(4.1),Composite leading indicators,I,GBR,United Kingdom,M,Monthly,CCICP,Composite consumer confidence,IX,Index,_Z,Not applicable,AA,Amplitude adjusted,IX,Index,_Z,Not applicable,H,OECD harmonised,2019-10,,100.0964,,A,Normal value,0,Units,2,Two,,
DATAFLOW,OECD.SDD.STES:DSD_STES@DF_CLI(4.1),Composite leading indicators,I,GBR,United Kingdom,M,Monthly,CCICP,Composite consumer confidence,IX,Index,_Z,Not applicable,AA,Amplitude adjusted,IX,Index,_Z,Not applicable,H,OECD harmonised,2018-02,,100.7776,,A,Normal value,0,Units,2,Two,,
DATAFLOW,OECD.SDD.STES:DSD_STES@DF_CLI(4.1),Composite leading indicators,I,GBR,United Kingdom,M,Monthly,CCICP,Composite consumer confidence,IX,Index,_Z,Not applicable,AA,Amplitude adjusted,IX,Index,_Z,Not applicable,H,OECD harmonised,2015-03,,102.4168,,A,Normal value,0,Units,2,Two,,
DATAFLOW,OECD.SDD.STES:DSD_STES@DF_CLI(4.1),Composite leading indicators,I,GBR,United Kingdom,M,Monthly,CCICP,Composite consumer confidence,IX,Index,_Z,Not applicable,AA,Amplitude adjusted,IX,Index,_Z,Not applicable,H,OECD harmonised,2015-04,,102.41,,A,Normal value,0,Units,2,Two,,
DATAFLOW,OECD.SDD.STES:DSD_STES@DF_CLI(4.1),Composite leading indicators,I,GBR,United Kingdom,M,Monthly,CCICP,Composite consumer confidence,IX,Index,_Z,Not applicable,AA,Amplitude adjusted,IX,Index,_Z,Not applicable,H,OECD harmonised,2015-05,,102.2814,,A,Normal value,0,Units,2,Two,,
DATAFLOW,OECD.SDD.STES:DSD_STES@DF_CLI(4.1),Composite leading indicators,I,GBR,United Kingdom,M,Monthly,CCICP,Composite consumer confidence,IX,Index,_Z,Not applicable,AA,Amplitude adjusted,IX,Index,_Z,Not applicable,H,OECD harmonised,2015-06,,102.4213,,A,Normal value,0,Units,2,Two,,
DATAFLOW,OECD.SDD.STES:DSD_STES@DF_CLI(4.1),Composite leading indicators,I,GBR,United Kingdom,M,Monthly,CCICP,Composite consumer confidence,IX,Index,_Z,Not applicable,AA,Amplitude adjusted,IX,Index,_Z,Not applicable,H,OECD harmonised,2015-07,,102.5112,,A,Normal value,0,Units,2,Two,,
DATAFLOW,OECD.SDD.STES:DSD_STES@DF_CLI(4.1),Composite leading indicators,I,GBR,United Kingdom,M,Monthly,CCICP,Composite consumer confidence,IX,Index,_Z,Not applicable,AA,Amplitude adjusted,IX,Index,_Z,Not applicable,H,OECD harmonised,2018-06,,101.0868,,A,Normal value,0,Units,2,Two,,
DATAFLOW,OECD.SDD.STES:DSD_STES@DF_CLI(4.1),Composite leading indicators,I,GBR,United Kingdom,M,Monthly,CCICP,Composite consumer confidence,IX,Index,_Z,Not applicable,AA,Amplitude adjusted,IX,Index,_Z,Not applicable,H,OECD harmonised,2018-07,,101.1667,,A,Normal value,0,Units,2,Two,,
DATAFLOW,OECD.SDD.STES:DSD_STES@DF_CLI(4.1),Composite leading indicators,I,GBR,United Kingdom,M,Monthly,CCICP,Composite consumer confidence,IX,Index,_Z,Not applicable,AA,Amplitude adjusted,IX,Index,_Z,Not applicable,H,OECD harmonised,2018-08,,101.0868,,A,Normal value,0,Units,2,Two,,
DATAFLOW,OECD.SDD.STES:DSD_STES@DF_CLI(4.1),Composite leading indicators,I,GBR,United Kingdom,M,Monthly,CCICP,Composite consumer confidence,IX,Index,_Z,Not applicable,AA,Amplitude adjusted,IX,Index,_Z,Not applicable,H,OECD harmonised,2018-09,,100.9032,,A,Normal value,0,Units,2,Two,,
DATAFLOW,OECD.SDD.STES:DSD_STES@DF_CLI(4.1),Composite leading indicators,I,GBR,United Kingdom,M,Monthly,CCICP,Composite consumer confidence,IX,Index,_Z,Not applicable,AA,Amplitude adjusted,IX,Index,_Z,Not applicable,H,OECD harmonised,2018-10,,100.7048,,A,Normal value,0,Units,2,Two,,
DATAFLOW,OECD.SDD.STES:DSD_STES@DF_CLI(4.1),Composite leading indicators,I,GBR,United Kingdom,M,Monthly,CCICP,Composite consumer confidence,IX,Index,_Z,Not applicable,AA,Amplitude adjusted,IX,Index,_Z,Not applicable,H,OECD harmonised,2018-11,,100.4456,,A,Normal value,0,Units,2,Two,,
DATAFLOW,OECD.SDD.STES:DSD_STES@DF_CLI(4.1),Composite leading indicators,I,GBR,United Kingdom,M,Monthly,CCICP,Composite consumer confidence,IX,Index,_Z,Not applicable,AA,Amplitude adjusted,IX,Index,_Z,Not applicable,H,OECD harmonised,2018-12,,100.1427,,A,Normal value,0,Units,2,Two,,
DATAFLOW,OECD.SDD.STES:DSD_STES@DF_CLI(4.1),Composite leading indicators,I,GBR,United Kingdom,M,Monthly,CCICP,Composite consumer confidence,IX,Index,_Z,Not applicable,AA,Amplitude adjusted,IX,Index,_Z,Not applicable,H,OECD harmonised,2019-01,,99.85917,,A,Normal value,0,Units,2,Two,,
DATAFLOW,OECD.SDD.STES:DSD_STES@DF_CLI(4.1),Composite leading indicators,I,GBR,United Kingdom,M,Monthly,CCICP,Composite consumer confidence,IX,Index,_Z,Not applicable,AA,Amplitude adjusted,IX,Index,_Z,Not applicable,H,OECD harmonised,2019-02,,99.73064,,A,Normal value,0,Units,2,Two,,
DATAFLOW,OECD.SDD.STES:DSD_STES@DF_CLI(4.1),Composite leading indicators,I,GBR,United Kingdom,M,Monthly,CCICP,Composite consumer confidence,IX,Index,_Z,Not applicable,AA,Amplitude adjusted,IX,Index,_Z,Not applicable,H,OECD harmonised,2019-03,,99.7207,,A,Normal value,0,Units,2,Two,,
DATAFLOW,OECD.SDD.STES:DSD_STES@DF_CLI(4.1),Composite leading indicators,I,GBR,United Kingdom,M,Monthly,CCICP,Composite consumer confidence,IX,Index,_Z,Not applicable,AA,Amplitude adjusted,IX,Index,_Z,Not applicable,H,OECD harmonised,2019-04,,99.8752,,A,Normal value,0,Units,2,Two,,
DATAFLOW,OECD.SDD.STES:DSD_STES@DF_CLI(4.1),Composite leading indicators,I,GBR,United Kingdom,M,Monthly,CCICP,Composite consumer confidence,IX,Index,_Z,Not applicable,AA,Amplitude adjusted,IX,Index,_Z,Not applicable,H,OECD harmonised,2019-05,,100.106,,A,Normal value,0,Units,2,Two,,
DATAFLOW,OECD.SDD.STES:DSD_STES@DF_CLI(4.1),Composite leading indicators,I,GBR,United Kingdom,M,Monthly,CCICP,Composite consumer confidence,IX,Index,_Z,Not applicable,AA,Amplitude adjusted,IX,Index,_Z,Not applicable,H,OECD harmonised,2019-06,,100.1873,,A,Normal value,0,Units,2,Two,,
DATAFLOW,OECD.SDD.STES:DSD_STES@DF_CLI(4.1),Composite leading indicators,I,GBR,United Kingdom,M,Monthly,CCICP,Composite consumer confidence,IX,Index,_Z,Not applicable,AA,Amplitude adjusted,IX,Index,_Z,Not applicable,H,OECD harmonised,2019-07,,100.2286,,A,Normal value,0,Units,2,Two,,
DATAFLOW,OECD.SDD.STES:DSD_STES@DF_CLI(4.1),Composite leading indicators,I,GBR,United Kingdom,M,Monthly,CCICP,Composite consumer confidence,IX,Index,_Z,Not applicable,AA,Amplitude adjusted,IX,Index,_Z,Not applicable,H,OECD harmonised,2015-12,,102.6364,,A,Normal value,0,Units,2,Two,,
DATAFLOW,OECD.SDD.STES:DSD_STES@DF_CLI(4.1),Composite leading indicators,I,GBR,United Kingdom,M,Monthly,CCICP,Composite consumer confidence,IX,Index,_Z,Not applicable,AA,Amplitude adjusted,IX,Index,_Z,Not applicable,H,OECD harmonised,2016-01,,102.647,,A,Normal value,0,Units,2,Two,,
DATAFLOW,OECD.SDD.STES:DSD_STES@DF_CLI(4.1),Composite leading indicators,I,GBR,United Kingdom,M,Monthly,CCICP,Composite consumer confidence,IX,Index,_Z,Not applicable,AA,Amplitude adjusted,IX,Index,_Z,Not applicable,H,OECD harmonised,2016-02,,102.4642,,A,Normal value,0,Units,2,Two,,
DATAFLOW,OECD.SDD.STES:DSD_STES@DF_CLI(4.1),Composite leading indicators,I,GBR,United Kingdom,M,Monthly,CCICP,Composite consumer confidence,IX,Index,_Z,Not applicable,AA,Amplitude adjusted,IX,Index,_Z,Not applicable,H,OECD harmonised,2016-03,,102.2532,,A,Normal value,0,Units,2,Two,,
DATAFLOW,OECD.SDD.STES:DSD_STES@DF_CLI(4.1),Composite leading indicators,I,GBR,United Kingdom,M,Monthly,CCICP,Composite consumer confidence,IX,Index,_Z,Not applicable,AA,Amplitude adjusted,IX,Index,_Z,Not applicable,H,OECD harmonised,2015-11,,102.4492,,A,Normal value,0,Units,2,Two,,
DATAFLOW,OECD.SDD.STES:DSD_STES@DF_CLI(4.1),Composite leading indicators,I,GBR,United Kingdom,M,Monthly,CCICP,Composite consumer confidence,IX,Index,_Z,Not applicable,AA,Amplitude adjusted,IX,Index,_Z,Not applicable,H,OECD harmonised,2021-10,,100.7618,,A,Normal value,0,Units,2,Two,,
DATAFLOW,OECD.SDD.STES:DSD_STES@DF_CLI(4.1),Composite leading indicators,I,GBR,United Kingdom,M,Monthly,CCICP,Composite consumer confidence,IX,Index,_Z,Not applicable,AA,Amplitude adjusted,IX,Index,_Z,Not applicable,H,OECD harmonised,2021-11,,100.4398,,A,Normal value,0,Units,2,Two,,
